key,value,note
current_contract,UPRO Oct 16 2026 $154 call,open short call
current_mark,2.2,per share
current_bid,2.0,per share
current_ask,2.4,per share
buyback_ask,240.0,cost to buy to close now at the ask (realistic fill)
buyback_mid,220.0,cost to buy to close now at the mid
premium_received,536.47,premium originally received (blank = not set)
pl_if_closed,296.47,premium received minus buyback at the ask
deadline,Buy to close before 4:00 PM ET Fri Oct 16 to keep your shares,
next_expiry,2026-11-20,next monthly expiry
next_atm_strike,151.0,strike nearest the share price
next_bid,8.5,per share
next_ask,11.0,per share
next_mid,9.75,per share
est_premium,850.0,new premium at the bid (conservative)
net_roll,610.0,new premium (bid) minus buyback (ask); negative = debit
premium_pct,5.61,premium as % of share value
annualized_pct,47.6,"premium %, annualized"
breakeven,142.94,share price minus new premium
premium_income_net,536.47,all premiums received minus buybacks (recorded)
as_of_et,2026-10-08 13:30:33 ET,
